season,round,circuit_id,weather_warm,weather_cold,weather_dry,weather_wet,weather_cloudy,driver,nationality,constructor,grid,podium,driver_points,driver_wins,driver_standings_pos,constructor_points,constructor_wins,constructor_standings_pos,qualifying_time,driver_age
2005,18,suzuka,False,False,True,False,True,ralf_schumacher,German,toyota,1,8,38,0,8,81,0,4,0.0,30
2005,18,suzuka,False,False,True,False,True,button,British,bar,2,5,32,0,9,33,0,6,0.035,25
2005,18,suzuka,False,False,True,False,True,fisichella,Italian,renault,3,2,45,1,5,162,7,2,0.17,32
2005,18,suzuka,False,False,True,False,True,klien,Austrian,red_bull,4,9,5,0,18,27,0,7,0.358,22
2005,18,suzuka,False,False,True,False,True,sato,Japanese,bar,5,20,1,0,23,33,0,6,0.735,28
2005,18,suzuka,False,False,True,False,True,coulthard,British,red_bull,6,6,21,0,12,27,0,7,0.786,34
2005,18,suzuka,False,False,True,False,True,webber,Australian,williams,7,4,29,0,10,59,0,5,1.127,29
2005,18,suzuka,False,False,True,False,True,villeneuve,Canadian,sauber,8,12,9,0,13,17,0,8,1.334,34
2005,18,suzuka,False,False,True,False,True,barrichello,Brazilian,ferrari,9,11,38,0,7,98,1,3,2.142,33
2005,18,suzuka,False,False,True,False,True,massa,Brazilian,sauber,10,10,8,0,14,17,0,8,2.172,24
2005,18,suzuka,False,False,True,False,True,karthikeyan,Indian,jordan,11,15,5,0,17,12,0,9,2.612,28
2005,18,suzuka,False,False,True,False,True,pizzonia,Brazilian,williams,12,17,2,0,22,59,0,5,2.792,25
2005,18,suzuka,False,False,True,False,True,albers,Dutch,minardi,13,16,4,0,19,7,0,10,4.737,26
2005,18,suzuka,False,False,True,False,True,michael_schumacher,German,ferrari,14,7,60,1,4,98,1,3,6.57,36
2005,18,suzuka,False,False,True,False,True,doornbos,Dutch,minardi,15,14,0,0,25,7,0,10,6.788,24
2005,18,suzuka,False,False,True,False,True,alonso,Spanish,renault,16,3,117,6,1,162,7,2,8.561,24
2005,18,suzuka,False,False,True,False,True,raikkonen,Finnish,mclaren,17,1,94,6,2,164,9,1,16.203,25
