Unnamed: 0,season,round,circuit_id,weather_warm,weather_cold,weather_dry,weather_wet,weather_cloudy,driver,nationality,constructor,grid,podium,driver_points,driver_wins,driver_standings_pos,constructor_points,constructor_wins,constructor_standings_pos,qualifying_time,driver_age
10223,2009,14,marina_bay,True,False,True,False,False,hamilton,British,mclaren,1,1,27,1,7,47,1,4,0.0,24
10226,2009,14,marina_bay,True,False,True,False,False,vettel,German,red_bull,2,4,54,2,3,0,3,2,0.2999999999999971,22
10233,2009,14,marina_bay,True,False,True,False,False,rosberg,German,williams,3,11,0,0,6,0,0,6,0.3999999999999915,24
10239,2009,14,marina_bay,True,False,True,False,False,webber,Australian,red_bull,4,17,0,1,4,0,3,2,0.7999999999999972,33
10225,2009,14,marina_bay,True,False,True,False,False,alonso,Spanish,renault,5,3,20,0,11,20,0,8,1.1999999999999886,28
10224,2009,14,marina_bay,True,False,True,False,False,glock,German,toyota,6,2,16,0,12,0,0,5,1.2999999999999972,27
10230,2009,14,marina_bay,True,False,True,False,False,kubica,Polish,bmw_sauber,7,8,8,0,15,20,0,7,1.5999999999999943,24
10229,2009,14,marina_bay,True,False,True,False,False,kovalainen,Finnish,mclaren,8,7,20,0,10,47,1,4,1.8999999999999917,27
10228,2009,14,marina_bay,True,False,True,False,False,barrichello,Brazilian,brawn,9,6,66,2,2,146,8,1,0.8999999999999915,37
10231,2009,14,marina_bay,True,False,True,False,False,nakajima,Japanese,williams,10,9,0,0,19,0,0,6,-0.9000000000000057,24
10227,2009,14,marina_bay,True,False,True,False,False,button,British,brawn,11,5,80,6,1,146,8,1,-0.8000000000000114,29
10232,2009,14,marina_bay,True,False,True,False,False,raikkonen,Finnish,ferrari,12,10,40,1,5,62,1,3,-0.7000000000000028,29
10238,2009,14,marina_bay,True,False,True,False,False,buemi,Swiss,toro_rosso,13,16,3,0,17,5,0,10,-0.5,20
10234,2009,14,marina_bay,True,False,True,False,False,trulli,Italian,toyota,14,12,0,0,8,0,0,5,-0.5,35
10240,2009,14,marina_bay,True,False,True,False,False,sutil,German,force_india,15,18,5,0,16,13,0,9,0.2999999999999971,26
10237,2009,14,marina_bay,True,False,True,False,False,alguersuari,Spanish,toro_rosso,16,15,0,0,23,5,0,10,0.3999999999999915,19
10235,2009,14,marina_bay,True,False,True,False,False,fisichella,Italian,ferrari,17,13,8,0,14,62,1,3,0.5,36
10241,2009,14,marina_bay,True,False,True,False,False,grosjean,French,renault,18,20,0,0,22,20,0,8,0.5999999999999943,23
10236,2009,14,marina_bay,True,False,True,False,False,liuzzi,Italian,force_india,19,14,0,0,24,13,0,9,0.8999999999999915,29
